koin,simbol,hash,algo,hadiah,waktu
Bitcoin,BTC,5000,SHA-256,3203.65,600
Ethereum,ETH,10000,SHA-256,83.9895,600
Tether,USDT,15000,SHA-256,0.049972050000000004,600
BNB,BNB,20000,SHA-256,30.415499999999998,600
USDC,USDC,25000,SHA-256,0.0499907,600
XRP,XRP,30000,SHA-256,0.057499999999999996,600
Solana,SOL,35000,SHA-256,3.3955,600
TRON,TRX,40000,SHA-256,0.01583135,600
Figure Heloc,FIGR_HELOC,45000,SHA-256,0.05155,600
Dogecoin,DOGE,50000,SHA-256,0.0044217,600
